cod_ibge,municipio,uf,populacao_censo_2022,volume
3550308,São Paulo,SP,11451999,I
3304557,Rio de Janeiro,RJ,6211223,I
5300108,Brasília,DF,2817381,I
2304400,Fortaleza,CE,2428708,I
2927408,Salvador,BA,2417678,I
3106200,Belo Horizonte,MG,2315560,I
1302603,Manaus,AM,2063689,I
4106902,Curitiba,PR,1773718,I
2611606,Recife,PE,1488920,I
5208707,Goiânia,GO,1437366,I
4314902,Porto Alegre,RS,1332845,I
1501402,Belém,PA,1303403,I
3518800,Guarulhos,SP,1291771,I
3509502,Campinas,SP,1139047,I
2111300,São Luís,MA,1037775,I
2704302,Maceió,AL,957916,I
5002704,Campo Grande,MS,898100,I
3304904,São Gonçalo,RJ,896744,I
2211001,Teresina,PI,866300,I
2507507,João Pessoa,PB,833932,I
3548708,São Bernardo do Campo,SP,810729,I
3301702,Duque de Caxias,RJ,808161,I
3303500,Nova Iguaçu,RJ,785867,I
2408102,Natal,RN,751300,I
3547809,Santo André,SP,748919,I
3534401,Osasco,SP,728615,I
3552205,Sorocaba,SP,723682,I
3170206,Uberlândia,MG,713224,I
3543402,Ribeirão Preto,SP,698642,I
3549904,São José dos Campos,SP,697054,I
5103403,Cuiabá,MT,650877,I
2607901,Jaboatão dos Guararapes,PE,644037,I
3118601,Contagem,MG,621863,I
4209102,Joinville,SC,616317,I
2910800,Feira de Santana,BA,616272,I
2800308,Aracaju,SE,602757,I
4113700,Londrina,PR,555965,I
3136702,Juiz de Fora,MG,540756,I
4205407,Florianópolis,SC,537211,I
3502606,Aparecida D Oeste,SP,527796,I
3205002,Serra,ES,520653,I
3301009,Campos dos Goytacazes,RJ,483540,I
3300456,Belford Roxo,RJ,483087,I
3303302,Niterói,RJ,481749,I
3549805,São José do Rio Preto,SP,480393,I
1500800,Ananindeua,PA,478778,I
3205200,Vila Velha,ES,467722,I
4305108,Caxias do Sul,RS,463501,I
1100205,Porto Velho,RO,460434,I
3530607,Mogi das Cruzes,SP,451505,I
3525904,Jundiaí,SP,443221,I
1600303,Macapá,AP,442933,I
3305109,São João de Meriti,RJ,440962,I
3538709,Piracicaba,SP,423323,I
2504009,Campina Grande,PB,419379,I
3548500,Santos,SP,418608,I
3529401,Mauá,SP,418261,I
3143302,Montes Claros,MG,414240,I
1400100,Boa Vista,RR,413486,I
3106705,Betim,MG,411846,I
4115200,Maringá,PR,409657,I
5201108,Anápolis,GO,398869,I
3513801,Diadema,SP,393237,I
3510609,Carapicuíba,SP,386984,I
2611101,Petrolina,PE,386791,I
3506003,Bauru,SP,379146,I
2604106,Caruaru,PE,378048,I
2933307,Vitória da Conquista,BA,370879,I
3523107,Itaquaquecetuba,SP,369275,I
1200401,Rio Branco,AC,364756,I
4202404,Blumenau,SC,361261,I
4119905,Ponta Grossa,PR,358371,I
2303709,Caucaia,CE,355679,I
3201308,Cariacica,ES,353491,I
3516200,Franca,SP,352536,I
2609600,Olinda,PE,349976,I
3541000,Praia Grande,SP,349935,I
4104808,Cascavel,PR,348051,I
4304606,Canoas,RS,347657,I
2610707,Paulista,PE,342167,I
3170107,Uberaba,MG,337836,I
1506807,Santarém,PA,331942,I
3551009,São Vicente,SP,329911,I
3154606,Ribeirão das Neves,MG,329794,I
4125506,São José dos Pinhais,PR,329628,I
4314407,Pelotas,RS,325685,I
3205309,Vitória,ES,322869,I
3505708,Barueri,SP,316473,I
3554102,Taubaté,SP,310739,I
3552502,Suzano,SP,307429,I
1721000,Palmas,TO,302692,I
2905701,Camaçari,BA,300372,I
5108402,Várzea Grande,MT,300078,I
3526902,Limeira,SP,291869,I
3518701,Guarujá,SP,287634,I
2307304,Juazeiro do Norte,CE,286120,I
4108304,Foz do Iguaçu,PR,285415,I
3552403,Sumaré,SP,279545,I
3303906,Petrópolis,RJ,278881,I
3513009,Cotia,SP,274413,I
3552809,Taboão da Serra,SP,273542,I
2105302,Imperatriz,MA,273110,I
4316907,Santa Maria,RS,271735,I
4216602,São José,SC,270299,I
1505536,Parauapebas,PA,267836,I
1504208,Marabá,PA,266533,I
4309209,Gravataí,RS,265074,I
2408003,Mossoró,RN,264577,I
4208203,Itajaí,SC,264054,I
3306305,Volta Redonda,RJ,261563,I
3127701,Governador Valadares,MG,257171,I
3520509,Indaiatuba,SP,255748,I
3548906,São Carlos,SP,254857,I
4204202,Chapecó,SC,254785,I
2403251,Parnamirim,RN,252716,I
3515004,Embu das Artes,SP,250691,I
3302403,Macaé,RJ,246391,I
5107602,Rondonópolis,MT,244911,I
2111201,São José de Ribamar,MA,244579,I
5003702,Dourados,MS,243367,I
3503208,Araraquara,SP,242228,I
3524402,Jacareí,SP,240275,I
2918407,Juazeiro,BA,237821,I
3529005,Marília,SP,237627,I
3501608,Americana,SP,237240,I
3519071,Hortolândia,SP,236641,I
2700300,Arapiraca,AL,234696,I
2307650,Maracanaú,CE,234509,I
3522505,Itapevi,SP,232297,I
4105805,Colombo,PR,232212,I
3122306,Divinópolis,MG,231091,I
3302502,Magé,RJ,228127,I
3131307,Ipatinga,MG,227731,I
4313409,Novo Hamburgo,RS,227646,I
3167202,Sete Lagoas,MG,227397,I
5218805,Rio Verde,GO,225696,I
5200258,Águas Lindas de Goiás,GO,225693,I
3541406,Presidente Prudente,SP,225668,I
3301900,Itaboraí,RJ,224267,I
4323002,Viamão,RS,224112,I
4211900,Palhoça,SC,222598,I
3300704,Cabo Frio,RJ,222161,I
3157807,Santa Luzia,MG,219132,I
4318705,São Leopoldo,RS,217409,I
4204608,Criciúma,SC,214493,I
5212501,Luziânia,GO,209129,I
4314100,Passo Fundo,RS,206215,I
2602902,Cabo de Santo Agostinho,PE,203440,I
2919207,Lauro de Freitas,BA,203331,I
2312908,Sobral,CE,203023,I
3543907,Rio Claro,SP,201418,I
3502804,Araçatuba,SP,200124,I
5221858,Valparaíso de Goiás,GO,198861,I
3302700,Maricá,RJ,197277,I
5107909,Sinop,MT,196312,I
2804805,Nossa Senhora do Socorro,SE,192330,I
1502400,Castanhal,PA,192256,I
4315602,Rio Grande,RS,191900,I
3303401,Nova Friburgo,RJ,189939,I
4300604,Alvorada,RS,187315,I
2914802,Itabuna,BA,186708,I
3201209,Cachoeiro de Itapemirim,ES,185786,I
3157302,Santa Bárbara do Tugúrio,MG,183347,I
4208906,Jaraguá do Sul,SC,182660,I
4109401,Guarapuava,PR,182093,I
3515707,Ferraz de Vasconcelos,SP,179198,I
2913606,Ilhéus,BA,178649,I
3507605,Bragança Paulista,SP,176811,I
2112209,Timon,MA,174465,I
1702109,Araguaína,TO,171301,I
3129806,Ibirité,MG,170537,I
3300407,Barra Mansa,RJ,169894,I
2925303,Porto Seguro,BA,168326,I
3523909,Itu,SP,168240,I
3300100,Angra dos Reis,RJ,167434,I
3302858,Mesquita,RJ,167127,I
3203205,Linhares,ES,166786,I
3548807,São Caetano do Sul,SP,165655,I
3538006,Pindamonhangaba,SP,165428,I
3516309,Francisco Morato,SP,165139,I
3305802,Teresópolis,RJ,165123,I
4209300,Lages,SC,164981,I
3151800,Poços de Caldas,MG,163742,I
2207702,Parnaíba,PI,162159,I
2903201,Barreiras,BA,159734,I
3148004,Patos de Minas,MG,159235,I
2918001,Jequié,BA,158813,I
3504107,Atibaia,SP,158647,I
3522208,Itapecerica da Serra,SP,158522,I
1500107,Abaetetuba,PA,158188,I
3522307,Itapetininga,SP,157790,I
2103000,Caxias,MA,156973,I
3304524,Rio das Ostras,RJ,156491,I
5220454,Senador Canedo,GO,155635,I
3547304,Santana de Parnaíba,SP,154105,I
3530706,Mogi Guaçu,SP,153658,I
3152501,Pouso Alegre,MG,152217,I
4101804,Araucária,PR,151666,I
2900702,Alagoinhas,BA,151055,I
4127700,Toledo,PR,150470,I
2513703,Santa Rita,PB,149910,I
4107652,Fazenda Rio Grande,PR,148873,I
2603454,Camaragibe,PE,147771,I
3303203,Nilópolis,RJ,146774,I
4118204,Paranaguá,PR,145829,I
2107506,Paço do Lumiar,MA,145643,I
2931350,Teixeira de Freitas,BA,145216,I
3507506,Botucatu,SP,145155,I
3516408,Franco da Rocha,SP,144849,I
2606002,Garanhuns,PE,142506,I
5221403,Trindade,GO,142431,I
4202909,Brusque,SC,141385,I
3304144,Queimados,RJ,140523,I
4202008,Balneário Camboriú,SC,139155,I
3168606,Teófilo Otoni,MG,137418,I
3170701,Varginha,MG,136467,I
4104204,Campo Largo,PR,136327,I
4303103,Cachoeirinha,RS,136258,I
3510500,Caraguatatuba,SP,134873,I
3545209,Salto,SP,134319,I
1502103,Cametá,PA,134184,I
2616407,Vitória de Santo Antão,PE,134084,I
3525300,Jaú,SP,133497,I
4316808,Santa Cruz do Sul,RS,133230,I
5008305,Três Lagoas,MS,132152,I
4320008,Sapucaia do Sul,RS,132107,I
3118304,Conselheiro Lafaiete,MG,131621,I
2306405,Itapipoca,CE,131123,I
2304202,Crato,CE,131050,I
3503307,Araras,SP,130866,I
4101408,Apucarana,PR,130134,I
3300209,Araruama,RJ,129671,I
3304201,Resende,RJ,129612,I
3156700,Sabará,MG,129380,I
3171204,Vespasiano,MG,129246,I
3557006,Votorantim,SP,127923,I
4119152,Pinhais,PR,127019,I
3551702,Sertãozinho,SP,126887,I
1501303,Barcarena,PA,126650,I
3556206,Valinhos,SP,126373,I
1500602,Altamira,PA,126279,I
3105608,Barbacena,MG,125317,I
3202405,Guarapari,ES,124656,I
1100122,Ji-Paraná,RO,124333,I
3554003,Tatuí,SP,123942,I
3204906,São Mateus,ES,123752,I
1503606,Itaituba,PA,123314,I
4302105,Bento Gonçalves,RS,123151,I
1501709,Bragança,PA,123082,I
3505500,Barretos,SP,122485,I
3523404,Itatiba,SP,121590,I
3201506,Colatina,ES,120033,I
4100400,Almirante Tamandaré,PR,119825,I
4101507,Arapongas,PR,119138,I
3506508,Birigui,SP,118979,I
4119509,Piraquara,PR,118730,I
4126256,Sarandi,PR,118455,I
3525003,Jandira,SP,118045,I
3518404,Guaratinguetá,SP,118044,I
4301602,Bagé,RS,117938,I
3103504,Araguari,MG,117808,I
4322400,Uruguaiana,RS,117210,I
4128104,Umuarama,PR,117095,I
3302007,Itaguaí,RJ,116841,I
5208004,Formosa,GO,115901,I
2412005,São Gonçalo do Amarante,RN,115838,I
3511102,Catanduva,SP,115791,I
3556503,Várzea Paulista,SP,115771,I
3543303,Ribeirão Pires,SP,115559,I
2606804,Igarassu,PE,115196,I
2930709,Simões Filho,BA,114559,I
5205109,Catalão,GO,114427,I
2103307,Codó,MA,114275,I
2910727,Eunápolis,BA,113710,I
3131703,Itabira,MG,113343,I
2924009,Paulo Afonso,BA,112870,I
3513504,Cubatão,SP,112476,I
3522109,Itanhaém,SP,112476,I
3147907,Passos,MG,111939,I
1504422,Marituba,PA,111785,I
3144805,Nova Lima,MG,111697,I
3104007,Araxá,MG,111691,I
2613701,São Lourenço da Mata,PE,111249,I
5107925,Sorriso,MT,110635,I
3536505,Paulínia,SP,110537,I
4218707,Tubarão,SC,110088,I
5211503,Itumbiara,GO,107970,I
2919553,Luís Eduardo Magalhães,BA,107909,I
1600600,Santana,AP,107618,I
4103701,Cambé,PR,107208,I
1501808,Breves,PA,106968,I
2100055,Açailândia,MA,106550,I
5107958,Tangará da Serra,MT,106434,I
5211909,Jataí,GO,105729,I
4307005,Erechim,RS,105705,I
3145208,Nova Serrana,MG,105552,I
1505502,Paragominas,PA,105550,I
2307700,Maranguape,CE,105093,I
5217609,Planaltina,GO,105031,I
3138203,Lavras,MG,104761,I
3119401,Coronel Fabriciano,MG,104736,I
3143906,Muriaé,MG,104108,I
3305208,São Pedro da Aldeia,RJ,104029,I
3534708,Ourinhos,SP,103970,I
5215231,Novo Gama,GO,103804,I
3539806,Poá,SP,103765,I
2101202,Bacabal,MA,103711,I
1301902,Itacoatiara,AM,103598,I
2802908,Itabaiana,SE,103440,I
3169901,Ubá,MG,103365,I
2510808,Patos,PB,103165,I
4203204,Camboriú,SC,103074,I
2928703,Santo Antônio de Jesus,BA,103055,I
3134202,Ituiutaba,MG,102217,I
1302504,Manacapuru,AM,101883,I
2101400,Balsas,MA,101767,I
2803500,Lagarto,SE,101579,I
3504008,Assis,SP,101409,I
3302205,Itaperuna,RJ,101041,I
4104303,Campo Mourão,PR,99432,I
2607208,Ipojuca,PE,98932,I
5204508,Caldas Novas,GO,98622,I
2600054,Abreu e Lima,PE,98462,I
2612505,Santa Cruz do Capibaribe,PE,98254,I
3526704,Leme,SP,98161,I
2305506,Iguatu,CE,98064,I
3133808,Itaúna,MG,97669,I
3147105,Pará de Minas,MG,97139,I
1100023,Ariquemes,RO,96833,I
4108403,Francisco Beltrão,PR,96666,I
3557105,Votuporanga,SP,96634,I
1303403,Parintins,AM,96372,I
3302270,Japeri,RJ,96289,I
5003207,Corumbá,MS,96268,I
3508504,Caçapava,SP,96202,I
1100304,Vilhena,RO,95832,I
2806701,São Cristóvão,SE,95612,I
3509007,Caieiras,SP,95032,I
3200607,Aracruz,ES,94765,I
3147006,Paracatu,MG,94023,I
2707701,Rio Largo,AL,93927,I
3528502,Mairiporã,SP,93853,I
4311403,Lajeado,RS,93646,I
3132404,Itajubá,MG,93073,I
3555406,Ubatuba,SP,92981,I
4309308,Guaíba,RS,92924,I
3300308,Barra do Piraí,RJ,92883,I
3504503,Avaré,SP,92805,I
3509205,Cajamar,SP,92689,I
3530805,Mogi Mirim,SP,92558,I
3305000,São João da Barra,RJ,92547,I
2613909,Serra Talhada,PE,92228,I
5006606,Ponta Porã,MS,92017,I
4118402,Paranavaí,PR,92001,I
1200203,Cruzeiro do Sul,AC,91888,I
3139409,Manhuaçu,MG,91886,I
4118501,Pato Branco,PR,91836,I
5205497,Cidade Ocidental,GO,91767,I
1508100,Tucuruí,PA,91306,I
3162500,São João del Rei,MG,90225,I
3148103,Patrocínio,MG,89826,I
3522406,Itapeva,SP,89728,I
5102504,Cáceres,MT,89681,I
3305505,Saquarema,RJ,89559,I
2911709,Guanambi,BA,87817,I
3113404,Caratinga,MG,87360,I
1100049,Cacoal,RO,86887,I
3503901,Arujá,SP,86678,I
3170404,Unaí,MG,86619,I
2606408,Gravatá,PE,86516,I
4211306,Navegantes,SC,86401,I
2932903,Valença,BA,85655,I
3124104,Esmeraldas,MG,85598,I
1506138,Redenção,PA,85597,I
5107040,Primavera do Leste,MT,85146,I
1709500,Gurupi,TO,85125,I
2601102,Araripina,PE,85088,I
2109908,Santa Inês,MA,85014,I
3527207,Lorena,SP,84855,I
4310207,Ijuí,RS,84780,I
2108603,Pinheiro,MA,84621,I
2101608,Barra do Corda,MA,84532,I
4317103,Santana do Livramento,RS,84421,I
2311306,Quixadá,CE,84168,I
1504703,Moju,PA,84094,I
5105259,Lucas do Rio Verde,MT,83798,I
4215802,São Bento do Sul,SC,83277,I
2208007,Picos,PI,83090,I
2501807,Bayeux,PB,82742,I
2917508,Jacobina,BA,82590,I
2407104,Macaíba,RN,82249,I
2311405,Quixeramobim,CE,82177,I
4204301,Concórdia,SC,81646,I
3550704,São Sebastião,SP,81595,I
3168705,Timóteo,MG,81579,I
2309706,Pacatuba,CE,81524,I
2313401,Tianguá,CE,81506,I
2103208,Chapadinha,MA,81386,I
3127388,Goianá,MG,81055,I
3120904,Curvelo,MG,80665,I
2301000,Aquiraz,CE,80645,I
3305554,Seropédica,RJ,80596,I
2930501,Serrinha,BA,80435,I
3136207,João Monlevade,MG,80187,I
4303004,Cachoeira do Sul,RS,80070,I
4105508,Cianorte,PR,79527,I
2601706,Belo Jardim,PE,79507,I
3550605,São Roque,SP,79484,I
2604007,Carpina,PE,79293,I
2402600,Ceará-Mirim,RN,79115,I
3529302,Matão,SP,79033,I
3101607,Alfenas,MG,78970,I
3306008,Três Rios,RJ,78346,I
2601201,Arcoverde,PE,77742,I
3509601,Campo Limpo Paulista,SP,77632,I
1502152,Canaã dos Carajás,PA,77079,I
4317202,Santa Rosa,RS,76963,I
4317509,Santo Ângelo,RS,76917,I
4202305,Biguaçu,SC,76773,I
3556701,Vinhedo,SP,76540,I
3171303,Viçosa,MG,76430,I
2304103,Crateús,CE,76390,I
3506102,Bebedouro,SP,76373,I
4307708,Esteio,RS,76137,I
4208302,Itapema,SC,75940,I
4319901,Sapiranga,RS,75648,I
3519709,Ibiúna,SP,75605,I
3169307,Três Corações,MG,75485,I
3137601,Lagoa Santa,MG,75145,I
2301109,Aracati,CE,75113,I
4127106,Telêmaco Borba,PR,75042,I
2301901,Barbalha,CE,75033,I
3513405,Cruzeiro,SP,74961,I
3146107,Ouro Preto,MG,74821,I
3527108,Lins,SP,74779,I
2305233,Horizonte,CE,74755,I
2930105,Senhor do Bonfim,BA,74523,I
2914604,Irecê,BA,74507,I
2302800,Canindé,CE,74174,I
2304285,Eusébio,CE,74170,I
2104800,Grajaú,MA,73872,I
4203006,Caçador,SC,73720,I
5208608,Goianésia,GO,73707,I
1304203,Tefé,AM,73669,I
3539301,Pirassununga,SP,73545,I
3205101,Viana,ES,73423,I
4104907,Castro,PR,73075,I
1506500,Santa Izabel do Pará,PA,73019,I
2311801,Russas,CE,72928,I
2303501,Cascavel,CE,72720,I
4214805,Rio do Sul,SC,72587,I
4205902,Gaspar,SC,72570,I
1507953,Tailândia,PA,72493,I
4300406,Alegrete,RS,72409,I
2906501,Candeias,BA,72382,I
3160108,Santo Antônio do Grama,MG,72127,I
2907202,Casa Nova,BA,72086,I
3522604,Itapira,SP,72022,I
4201406,Araranguá,SC,71922,I
5208806,Goianira,GO,71916,I
3524303,Jaboticabal,SP,71821,I
3164704,São Sebastião do Paraíso,MG,71796,I
4122404,Rolândia,PR,71670,I
2706307,Palmeira dos Índios,AL,71574,I
4207502,Indaial,SC,71549,I
2910057,Dias d Ávila,BA,71485,I
2906006,Campo Formoso,BA,71377,I
3515509,Fernandópolis,SP,71186,I
2309607,Pacajus,CE,70983,I
3135100,Janaúba,MG,70699,I
1301209,Coari,AM,70616,I
3524006,Itupeva,SP,70616,I
2904605,Brumado,BA,70510,I
1502202,Capanema,PA,70394,I
4307906,Farroupilha,RS,70286,I
5213103,Mineiros,GO,70081,I
1500404,Alenquer,PA,69377,I
5101803,Barra do Garças,MT,69210,I
4322608,Venâncio Aires,RS,68763,I
3537602,Peruíbe,SP,68352,I
1505304,Oriximiná,PA,68294,I
3126109,Formiga,MG,68248,I
3306107,Valença,RJ,68088,I
3501905,Amparo,SP,68008,I
2908408,Conceição do Coité,BA,67825,I
3530508,Mococa,SP,67681,I
1508001,Tomé-Açu,PA,67585,I
2516201,Sousa,PB,67259,I
3515103,Embu-Guaçu,SP,66970,I
1304062,Tabatinga,AM,66764,I
2503209,Cabedelo,PB,66519,I
3526803,Lençóis Paulista,SP,66505,I
3115300,Cataguases,MG,66261,I
2916401,Itapetinga,BA,65897,I
2101707,Barreirinhas,MA,65589,I
2903904,Bom Jesus da Lapa,BA,65550,I
2208403,Piripiri,PI,65538,I
1507300,São Félix do Xingu,PA,65418,I
2300200,Acaraú,CE,65264,I
2609907,Ouricuri,PE,65245,I
3135209,Januária,MG,65150,I
2802106,Estância,SE,65078,I
2914703,Itaberaba,BA,65073,I
1503309,Igarapé-Miri,PA,64831,I
3531803,Monte Mor,SP,64662,I
2306256,Itaitinga,CE,64650,I
1718204,Porto Nacional,TO,64418,I
4312401,Montenegro,RS,64322,I
4322509,Vacaria,RS,64197,I
3506359,Bertioga,SP,64188,I
2614501,Surubim,PE,64120,I
3555000,Tupã,SP,63928,I
4304630,Capão da Canoa,RS,63594,I
1501501,Benevides,PA,63567,I
3530300,Mirassol,SP,63337,I
2503704,Cajazeiras,PB,63239,I
4303905,Campo Bom,RS,62886,I
2610905,Pesqueira,PE,62722,I
2305407,Icó,CE,62642,I
3149309,Pedro Leopoldo,MG,62580,I
1505809,Portel,PA,62503,I
2612208,Salgueiro,PE,62372,I
5206206,Cristalina,GO,62337,I
2302602,Camocim,CE,62326,I
4303509,Camaquã,RS,62200,I
2203909,Floriano,PI,62036,I
3533403,Nova Odessa,SP,62019,I
3531100,Mongaguá,SP,61951,I
4304705,Carazinho,RS,61804,I
2601904,Bezerros,PE,61694,I
3537305,Penápolis,SP,61679,I
2403608,Extremoz,RN,61635,I
2910701,Euclides da Cunha,BA,61456,I
2308708,Morada Nova,CE,61443,I
3140001,Mariana,MG,61387,I
2313302,Tauá,CE,61227,I
1302900,Maués,AM,61204,I
1301852,Iranduba,AM,61163,I
2402006,Caicó,RN,61146,I
3507001,Boituva,SP,61081,I
1505064,Novo Repartimento,PA,60732,I
2105401,Itapecuru Mirim,MA,60440,I
2704708,Marechal Deodoro,AL,60370,I
2909802,Cruz das Almas,BA,60348,I
3519600,Ibitinga,SP,60033,I
1504802,Monte Alegre,PA,60012,I
3542602,Registro,SP,59947,I
2605202,Escada,PE,59891,I
3502101,Andradina,SP,59783,I
3512803,Cosmópolis,SP,59773,I
2314102,Viçosa do Ceará,CE,59712,I
4318002,São Borja,RS,59676,I
2915601,Itamaraju,BA,59605,I
2103604,Coroatá,MA,59566,I
2307601,Limoeiro do Norte,CE,59560,I
3524709,Jaguariúna,SP,59347,I
2709301,União dos Palmares,AL,59280,I
4110706,Irati,PR,59250,I
4207007,Içara,SC,59035,I
1500206,Acará,PA,59023,I
4306106,Cruz Alta,RS,58913,I
1508308,Viseu,PA,58692,I
2706703,Penedo,AL,58650,I
5100250,Alta Floresta,MT,58613,I
3127107,Frutal,MG,58588,I
4318309,São Gabriel,RS,58487,I
1502939,Dom Eliseu,PA,58484,I
2313500,Trairi,CE,58415,I
3505906,Batatais,SP,58402,I
3152105,Ponte Nova,MG,57776,I
2110005,Santa Luzia,MA,57635,I
2506301,Guarabira,PB,57484,I
1301704,Humaitá,AM,57473,I
3300803,Cachoeiras de Macacu,RJ,56943,I
4207601,Ipira,SC,56876,I
2610608,Paudalho,PE,56665,I
2608909,Limoeiro,PE,56510,I
1502301,Capitão Poço,PA,56506,I
2400208,Açu,RN,56502,I
3540606,Porto Feliz,SP,56497,I
1100288,Rolim de Moura,RO,56406,I
3304300,Rio Bonito,RJ,56276,I
2928604,Santo Amaro,BA,56012,I
5106224,Nova Mutum,MT,55839,I
4114609,Marechal Cândido Rondon,PR,55836,I
3151206,Pirapora,MG,55606,I
2102325,Buriticupu,MA,55499,I
4219309,Videira,SC,55466,I
2609402,Moreno,PE,55292,I
4210100,Mafra,SC,55286,I
3169406,Três Pontas,MG,55255,I
3533908,Olímpia,SP,55074,I
4128203,União da Vitória,PR,55033,I
4203808,Canoinhas,SC,55016,I
2610004,Palmares,PE,54584,I
4321600,Tramandaí,RS,54387,I
4115804,Medianeira,PR,54369,I
2312403,São Gonçalo do Amarante,CE,54143,I
2926608,Ribeira do Pombal,BA,54010,I
1302702,Manicoré,AM,53914,I
3125101,Extrema,MG,53482,I
3131901,Itabirito,MG,53365,I
2112506,Tutóia,MA,53356,I
2304707,Granja,CE,53344,I
4321204,Taquara,RS,53242,I
3546801,Santa Isabel,SP,53174,I
1506187,Rondon do Pará,PA,53143,I
2302206,Beberibe,CE,53114,I
3537800,Piedade,SP,52970,I
1507607,São Miguel do Guamá,PA,52894,I
1508407,Xinguara,PA,52893,I
3118007,Congonhas,MG,52890,I
3161106,São Francisco,MG,52762,I
4216206,São Francisco do Sul,SC,52674,I
3540705,Porto Ferreira,SP,52649,I
4207304,Imbituba,SC,52579,I
1716109,Paraíso do Tocantins,TO,52360,I
3111200,Campo Belo,MG,52277,I
2928802,Santo Estêvão,BA,52276,I
3553708,Taquaritinga,SP,52260,I
1505106,Óbidos,PA,52229,I
3549706,São José do Rio Pardo,SP,52205,I
5210000,Inhumas,GO,52204,I
2602803,Buíque,PE,52097,I
4314050,Parobé,RS,52058,I
5106752,Pontes e Lacerda,MT,52018,I
2905206,Caetité,BA,52012,I
2708600,São Miguel dos Campos,AL,51990,I
3527306,Louveira,SP,51847,I
1303809,São Gabriel da Cachoeira,AM,51795,I
3107406,Bom Despacho,MG,51737,I
3301850,Guapimirim,RJ,51696,I
1501204,Baião,PA,51641,I
4219507,Xanxerê,SC,51607,I
4109807,Ibiporã,PR,51603,I
4218004,Tijucas,SC,51592,I
3503802,Artur Nogueira,SP,51456,I
2112803,Viana,MA,51442,I
1711902,Lagoa da Confusão,TO,51412,I
5213806,Morrinhos,GO,51351,I
2702405,Delmiro Gouveia,AL,51318,I
2515302,Sapé,PB,51306,I
3554805,Tremembé,SP,51173,I
3138401,Leopoldina,MG,51145,I
2902708,Barra,BA,51092,I
2302503,Brejo Santo,CE,51090,I
3128709,Guaxupé,MG,50911,I
2807402,Tobias Barreto,SE,50905,I
1503903,Juruti,PA,50881,I
1508209,Vigia,PA,50832,I
1100114,Jaru,RO,50591,I
5005707,Naviraí,MS,50457,I
3556453,Vargem Grande Paulista,SP,50415,I
2702306,Coruripe,AL,50414,I
2302404,Boa Viagem,CE,50411,I
3510401,Capivari,SP,50068,I
3528403,Mairinque,SP,50027,I
1503705,Itupiranga,PA,49754,I
4304507,Canguçu,RS,49680,I
2613008,São Bento do Una,PE,49449,I
4120606,Prudentópolis,PR,49393,I
3203908,Nova Venécia,ES,49065,I
4304408,Canela,RS,48946,I
4317400,Santiago,RS,48938,I
3524808,Jales,SP,48776,I
2931905,Tucano,BA,48736,I
2602605,Brejo da Madre de Deus,PE,48648,I
5006200,Nova Andradina,MS,48563,I
3549409,São Joaquim da Barra,SP,48558,I
5218508,Quirinópolis,GO,48447,I
2902104,Araci,BA,48294,I
2925105,Poções,BA,48293,I
4117602,Palmas,PR,48247,I
2907509,Catu,BA,48148,I
3107307,Bocaiúva,MG,48032,I
2201200,Barras,PI,47938,I
4307609,Estância Velha,RS,47924,I
4104006,Campina Grande do Sul,PR,47825,I
2921500,Monte Santo,BA,47780,I
3121605,Diamantina,MG,47702,I
3143104,Monte Carmelo,MG,47692,I
2512507,Queimadas,PB,47658,I
2312304,São Benedito,CE,47640,I
3531308,Monte Alto,SP,47574,I
2200400,Altos,PI,47453,I
4313508,Osório,RS,47396,I
2412203,São José de Mipibu,RN,47286,I
5007901,Sidrolândia,MS,47118,I
3508405,Cabreúva,SP,47011,I
3509700,Campos do Jordão,SP,46974,I
5001102,Aquidauana,MS,46803,I
3136306,João Pinheiro,MG,46801,I
4206504,Guaramirim,SC,46711,I
3546405,Santa Cruz do Rio Pardo,SP,46442,I
2306306,Itapajé,CE,46426,I
2110500,São Bento,MA,46395,I
3510203,Capão Bonito,SP,46337,I
2708006,Santana do Ipanema,AL,46220,I
2929909,Seabra,BA,46160,I
2615300,Timbaúba,PE,46147,I
2211100,União,PI,46119,I
3301306,Casimiro de Abreu,RJ,46110,I
4218202,Timbó,SC,46099,I
2917607,Jaguaquara,BA,45964,I
4117503,Paiçandu,PR,45962,I
5102637,Campo Novo do Parecis,MT,45899,I
5105150,Juína,MT,45869,I
3130101,Igarapé,MG,45847,I
2202208,Campo Maior,PI,45793,I
1501782,Breu Branco,PA,45712,I
2308104,Mauriti,CE,45561,I
3514403,Dracena,SP,45474,I
1302405,Lábrea,AM,45448,I
4202107,Barra Velha,SC,45369,I
1504901,Muaná,PA,45368,I
4201307,Araquari,SC,45283,I
3525102,Jardinópolis,SP,45282,I
3303807,Paraty,RJ,45243,I
5211800,Jaraguá,GO,45223,I
4106407,Cornélio Procópio,PR,45206,I
2109106,Presidente Dutra,MA,45155,I
2920700,Maraú,BA,45124,I
3304755,São Francisco de Itabapoana,RJ,45059,I
5005400,Maracaju,MS,45047,I
4113205,Lapa,PR,45003,I
2300309,Acopiara,CE,44962,I
4107207,Dois Vizinhos,PR,44869,I
3536703,Pederneiras,SP,44827,I
3158953,Santana do Paraíso,MG,44800,I
3163706,São Lourenço,MG,44798,I
1506203,Salinópolis,PA,44772,I
2933604,Xique-Xique,BA,44757,I
5210406,Itaberaí,GO,44734,I
3511508,Cerquilho,SP,44695,I
1502707,Conceição do Araguaia,PA,44617,I
2508901,Mamanguape,PB,44599,I
5102678,Campo Verde,MT,44585,I
1500909,Augusto Corrêa,PA,44573,I
3523206,Itararé,SP,44438,I
2105708,Lago da Pedra,MA,44403,I
4124103,Santo Antônio da Platina,PR,44369,I
4217204,São Miguel do Oeste,SC,44330,I
5218003,Porangatu,GO,44317,I
2602100,Bom Conselho,PE,44294,I
3544103,Rio Grande da Serra,SP,44170,I
3551504,Serrana,SP,43909,I
2919504,Livramento de Nossa Senhora,BA,43903,I
3545308,Salto de Pirapora,SP,43748,I
1508159,Uruará,PA,43558,I
4313904,Panambi,RS,43515,I
1200609,Tarauacá,AC,43467,I
2112704,Vargem Grande,MA,43261,I
3537107,Pedreira,SP,43112,I
2306553,Itarema,CE,42957,I
4317608,Santo Antônio da Patrulha,RS,42947,I
4209409,Laguna,SC,42785,I
2807105,Simão Dias,SE,42578,I
2921005,Mata de São João,BA,42566,I
2205508,José de Freitas,PI,42559,I
5221601,Uruaçu,GO,42546,I
2933208,Vera Cruz,BA,42529,I
3200904,Barra de São Francisco,ES,42498,I
3160702,Santos Dumont,MG,42406,I
4125605,São Mateus do Sul,PR,42366,I
2300754,Amontada,CE,42156,I
3516705,Garça,SP,42110,I
3303708,Paraíba do Sul,RJ,42063,I
4109609,Guaratuba,PR,42062,I
2305001,Guaraciaba do Norte,CE,42053,I
4318804,São Lourenço do Sul,RS,41989,I
3203320,Marataízes,ES,41929,I
2919801,Macaúbas,BA,41859,I
4114807,Marialva,PR,41851,I
4321501,Torres,RS,41751,I
2103406,Coelho Neto,MA,41658,I
3204559,Santa Maria de Jetibá,ES,41636,I
1300300,Autazes,AM,41564,I
2109809,Santa Helena,MA,41561,I
2600500,Águas Belas,PE,41548,I
2800605,Barra dos Coqueiros,SE,41511,I
3104205,Arcos,MG,41416,I
3303609,Paracambi,RJ,41375,I
1200500,Sena Madureira,AC,41343,I
3548005,Santo Antônio de Posse,SP,41325,I
2403103,Currais Novos,RN,41313,I
1502905,Curuçá,PA,41262,I
3302601,Mangaratiba,RJ,41220,I
2804508,Nossa Senhora da Glória,SE,41212,I
2615409,Toritama,PE,41137,I
3535507,Paraguaçu Paulista,SP,41120,I
1505486,Pacajá,PA,41097,I
2305803,Ipu,CE,41081,I
2203701,Esperantina,PI,40970,I
2929503,São Sebastião do Passé,BA,40958,I
5006309,Paranaíba,MS,40957,I
3162104,São Gotardo,MG,40910,I
2114007,Zé Doca,MA,40801,I
2913903,Ipiaú,BA,40706,I
2803005,Itabaianinha,SE,40678,I
3547502,Santa Rita do Passa Quatro,SP,40635,I
1505908,Porto de Moz,PA,40597,I
2926004,Remanso,BA,40586,I
2612604,Santa Maria da Boa Vista,PE,40578,I
3102605,Andradas,MG,40553,I
4111803,Jacarezinho,PR,40375,I
3101706,Almenara,MG,40364,I
2103505,Colinas,MA,40316,I
2600104,Afogados da Ingazeira,PE,40241,I
2310506,Pedra Branca,CE,40187,I
2312205,Santa Quitéria,CE,40183,I
3157005,Salinas,MG,40178,I
4309100,Gramado,RS,40134,I
3556404,Vargem Grande do Sul,SP,40133,I
3552106,Socorro,SP,40122,I
2601409,Barreiros,PE,40121,I
4204806,Curitibanos,SC,40045,I
3300233,Armação dos Búzios,RJ,40006,I
3107109,Boa Esperança,MG,39848,I
3202801,Itapemirim,ES,39832,I
3515186,Espírito Santo do Pinhal,SP,39816,I
3112307,Capelinha,MG,39626,I
2608800,Lajedo,PE,39582,I
4306767,Eldorado do Sul,RS,39559,I
1508084,Tucumã,PA,39550,I
2929305,São Gonçalo dos Campos,BA,39513,I
2923001,Nova Viçosa,BA,39509,I
3541307,Presidente Epitácio,SP,39505,I
3522703,Itápolis,SP,39493,I
1100106,Guajará-Mirim,RO,39387,I
5000609,Amambai,MS,39325,I
3517406,Guaíra,SP,39279,I
3145604,Oliveira,MG,39262,I
4215000,Rio Negrinho,SC,39261,I
4115705,Matinhos,PR,39259,I
3172004,Visconde do Rio Branco,MG,39160,I
2100907,Araioses,MA,39052,I
2314003,Várzea Alegre,CE,38984,I
2310209,Paracuru,CE,38980,I
3304805,São Fidélis,RJ,38961,I
2210607,São Raimundo Nonato,PI,38934,I
3109006,Brumadinho,MG,38915,I
2111508,São Mateus do Maranhão,MA,38829,I
3110004,Caeté,MG,38776,I
2929206,São Francisco do Conde,BA,38733,I
3145901,Ouro Branco,MG,38724,I
2928109,Santa Maria da Vitória,BA,38604,I
5219308,Santa Helena de Goiás,GO,38492,I
2109601,Rosário,MA,38475,I
3533502,Novo Horizonte,SP,38324,I
3534302,Orlândia,SP,38319,I
3134400,Iturama,MG,38295,I
3550407,São Pedro,SP,38256,I
2207009,Oeiras,PI,38161,I
2930204,Sento Sé,BA,38154,I
2910503,Entre Rios,BA,38098,I
2709152,Teotônio Vilela,AL,38053,I
2922003,Mucuri,BA,37977,I
1508126,Ulianópolis,PA,37972,I
2207900,Pedro II,PI,37894,I
3140704,Mateus Leme,MG,37841,I
2928000,Santaluz,BA,37834,I
2310704,Pentecoste,CE,37813,I
1500305,Afuá,PA,37765,I
2308500,Mombaça,CE,37735,I
1503804,Jacundá,PA,37707,I
2605103,Custódia,PE,37699,I
2308005,Massapê,CE,37697,I
3139003,Machado,MG,37684,I
3500709,Agudos,SP,37680,I
3554508,Tietê,SP,37663,I
3135050,Jaíba,MG,37660,I
1300607,Benjamin Constant,AM,37648,I
2602209,Bom Jardim,PE,37629,I
2918100,Jeremoabo,BA,37626,I
3141108,Matozinhos,MG,37618,I
3540200,Pontal,SP,37607,I
5007208,Rio Brilhante,MS,37601,I
2614204,Sirinhaém,PE,37596,I
3524105,Ituverava,SP,37571,I
4122206,Rio Branco do Sul,PR,37558,I
3525201,Jarinu,SP,37535,I
2700409,Atalaia,AL,37512,I
3518602,Guariba,SP,37498,I
2112407,Turiaçu,MA,37491,I
2602308,Bonito,PE,37474,I
2906808,Cansanção,BA,37439,I
3152204,Porteirinha,MG,37438,I
2411205,Santa Cruz,RN,37313,I
3550100,São Manuel,SP,37289,I
2613107,São Caitano,PE,37126,I
2100600,Amarante do Maranhão,MA,37085,I
2108207,Pedreiras,MA,37050,I
2110203,Santa Rita,MA,37035,I
4306601,Dom Pedrito,RS,36981,I
4203600,Campos Novos,SC,36932,I
3201407,Castelo,ES,36930,I
3165537,Sarzedo,MG,36844,I
2308401,Missão Velha,CE,36822,I
4102000,Assis Chateaubriand,PR,36808,I
2305902,Ipueiras,CE,36798,I
4114203,Mandaguari,PR,36716,I
3525706,José Bonifácio,SP,36633,I
4316402,Rosário do Sul,RS,36630,I
1400506,São João da Baliza,RR,36573,I
2902906,Barra do Choça,BA,36539,I
2901007,Amargosa,BA,36521,I
3521002,Iperó,SP,36459,I
2112308,Tuntum,MA,36251,I
2702900,Girau do Ponciano,AL,36102,I
2401008,Apodi,RN,36093,I
3151503,Piumhi,MG,36062,I
2920601,Maragogipe,BA,35859,I
1503200,Igarapé-Açu,PA,35797,I
1506195,Rurópolis,PA,35769,I
4310603,Itaqui,RS,35768,I
2600708,Aliança,PE,35741,I
5210208,Iporá,GO,35684,I
5209101,Goiatuba,GO,35664,I
1506005,Prainha,PA,35577,I
1300706,Boca do Acre,AM,35447,I
1200302,Feijó,AC,35426,I
3201902,Domingos Martins,ES,35416,I
2706901,Pilar,AL,35370,I
2927002,Rio Real,BA,35362,I
2924405,Pilão Arcado,BA,35357,I
2908507,Conceição do Jacuípe,BA,35308,I
2302107,Baturité,CE,35218,I
3541505,Presidente Venceslau,SP,35201,I
3300605,Bom Jesus do Itabapoana,RJ,35173,I
4112009,Jaguariaíva,PR,35141,I
3541604,Promissão,SP,35131,I
1600279,Laranjal do Jari,AP,35114,I
1100189,Pimenta Bueno,RO,35079,I
5103353,Confresa,MT,35075,I
1100155,Ouro Preto do Oeste,RO,35044,I
3144300,Nanuque,MG,35038,I
4305355,Charqueadas,RS,35012,I
4117909,Palotina,PR,35011,I
2925501,Prado,BA,35003,I
5215603,Padre Bernardo,GO,34967,I
5214606,Niquelândia,GO,34964,I
2607653,Itambé,PE,34935,I
3520400,Ilhabela,SP,34934,I
5218300,Posse,GO,34914,I
5105101,Juara,MT,34906,I
2613503,São José do Belmonte,PE,34843,I
3546603,Santa Fé do Sul,SP,34794,I
4318903,São Luiz Gonzaga,RS,34752,I
3500105,Adamantina,SP,34687,I
4315701,Rio Pardo,RS,34654,I
2602001,Bodocó,PE,34478,I
5203302,Bela Vista de Goiás,GO,34445,I
2803203,Itaporanga d Ajuda,SE,34411,I
1504059,Mãe do Rio,PA,34353,I
3162922,São Joaquim de Bicas,MG,34348,I
3505302,Barra Bonita,SP,34346,I
4308607,Garibaldi,RS,34335,I
3103405,Araçuaí,MG,34297,I
4213203,Pomerode,SC,34289,I
1500503,Almeirim,PA,34280,I
2408300,Nova Cruz,RN,34269,I
1705508,Colinas do Tocantins,TO,34233,I
2930154,Serra do Ramalho,BA,34222,I
2909901,Curaçá,BA,34180,I
2611002,Petrolândia,PE,34161,I
2102101,Brejo,MA,34120,I
4314803,Portão,RS,34071,I
2110708,São Domingos do Maranhão,MA,34034,I
3306206,Vassouras,RJ,33976,I
1502806,Curralinho,PA,33903,I
2917003,Itiúba,BA,33872,I
4117701,Palmeira,PR,33855,I
5220108,São Luís de Montes Belos,GO,33852,I
1505205,Oeiras do Pará,PA,33844,I
2913705,Inhambupe,BA,33790,I
4202800,Braço do Norte,SC,33773,I
3170800,Várzea da Palma,MG,33744,I
2306900,Jaguaribe,CE,33726,I
3539509,Pitangueiras,SP,33674,I
4212502,Penha,SC,33663,I
1505031,Novo Progresso,PA,33638,I
2921708,Morro do Chapéu,BA,33594,I
4119608,Pitanga,PR,33567,I
2611804,Ribeirão,PE,33507,I
4205506,Fraiburgo,SC,33481,I
2805406,Poço Redondo,SE,33439,I
2926301,Riachão do Jacuípe,BA,33386,I
2104057,Estreito,MA,33294,I
2405801,João Câmara,RN,33290,I
3513108,Cravinhos,SP,33281,I
2906873,Capim Grosso,BA,33235,I
3535200,Palmeira D Oeste,SP,33216,I
1301407,Eirunepé,AM,33170,I
2102002,Bom Jardim,MA,33100,I
1300805,Borba,AM,33080,I
3168002,Taiobeiras,MG,33050,I
2414407,Touros,RN,33035,I
3501707,Américo Brasiliense,SP,33019,I
4213609,Porto União,SC,32970,I
1303908,São Paulo de Olivença,AM,32967,I
3132503,Itamarandiba,MG,32948,II
2928901,São Desidério,BA,32828,II
2112605,Urbano Santos,MA,32812,II
2614105,Sertânia,PE,32811,II
4310108,Igrejinha,RS,32808,II
4321451,Teutônia,RS,32797,II
2302305,Bela Cruz,CE,32775,II
2313609,Ubajara,CE,32767,II
4111506,Ivaiporã,PR,32720,II
5106422,Peixoto de Azevedo,MT,32714,II
2917706,Jaguarari,BA,32703,II
4216305,São João Batista,SC,32687,II
2906303,Canavieiras,BA,32683,II
2607505,Itaíba,PE,32650,II
1400472,Rorainópolis,RR,32647,II
4308508,Frederico Westphalen,RS,32627,II
3502507,Aparecida,SP,32569,II
2910602,Esplanada,BA,32554,II
4302808,Caçapava do Sul,RS,32515,II
2108306,Penalva,MA,32511,II
2512101,Pombal,PB,32473,II
1505437,Ourilândia do Norte,PA,32467,II
2909307,Correntina,BA,32457,II
3502903,Araçoiaba da Serra,SP,32443,II
1506708,Santana do Araguaia,PA,32413,II
5217401,Pires do Rio,GO,32373,II
2509701,Monteiro,PB,32277,II
3204708,São Gabriel da Palha,ES,32252,II
3128006,Guanhães,MG,32244,II
2513901,São Bento,PB,32235,II
4113304,Laranjeiras do Sul,PR,32227,II
2310258,Paraipaba,CE,32216,II
4307807,Estrela,RS,32183,II
2911204,Gandu,BA,32178,II
3519303,Ibaté,SP,32178,II
2704500,Maragogi,AL,32174,II
2106607,Matões,MA,32174,II
2604205,Catende,PE,32156,II
5003306,Coxim,MS,32151,II
2206209,Miguel Alves,PI,32150,II
2925204,Pojuca,BA,32136,II
2701407,Campo Alegre,AL,32106,II
4108809,Guaíra,PR,32097,II
3146008,Ouro Fino,MG,32094,II
3505609,Barrinha,SP,32092,II
3500303,Aguaí,SP,32072,II
3550209,São Miguel Arcanjo,SP,32039,II
3108602,Brasília de Minas,MG,32025,II
2408201,Nísia Floresta,RN,31942,II
5214507,Nerópolis,GO,31932,II
1702208,Araguatins,TO,31918,II
4219705,Xaxim,SC,31918,II
1501105,Bagre,PA,31892,II
5215702,Palmeiras de Goiás,GO,31858,II
1500859,Anapu,PA,31850,II
2605301,Exu,PE,31843,II
1503101,Gurupá,PA,31786,II
2708808,São Sebastião,AL,31786,II
3513702,Descalvado,SP,31756,II
2307007,Jaguaruana,CE,31701,II
2916500,Itapicuru,BA,31679,II
2801306,Capela,SE,31645,II
2112456,Turilândia,MA,31638,II
3505203,Bariri,SP,31595,II
3508603,Cachoeira Paulista,SP,31564,II
2103703,Cururupu,MA,31558,II
4114104,Mandaguaçu,PR,31457,II
2310308,Parambu,CE,31445,II
4205456,Forquilhinha,SC,31431,II
2108504,Pindaré-Mirim,MA,31429,II
5103205,Colíder,MT,31370,II
3544004,Rio das Pedras,SP,31328,II
4122305,Rio Negro,PR,31324,II
4102406,Bandeirantes,PR,31273,II
3534609,Osvaldo Cruz,SP,31272,II
2107803,Parnarama,MA,31250,II
3113305,Carangola,MG,31240,II
3518305,Guararema,SP,31236,II
2506004,Esperança,PB,31231,II
4111258,Itaperuçu,PR,31217,II
5106505,Poconé,MT,31217,II
3305752,Tanguá,RJ,31086,II
1300508,Barreirinha,AM,31051,II
3152006,Pompéu,MG,31047,II
3518206,Guararapes,SP,31043,II
5104104,Guarantã do Norte,MT,31024,II
2613602,São José do Egito,PE,31004,II
5002951,Chapadão do Sul,MS,30993,II
3300258,Arraial do Cabo,RJ,30986,II
4317301,Santa Vitória do Palmar,RS,30983,II
1503507,Irituia,PA,30955,II
3302254,Itatiaia,RJ,30908,II
2907806,Cícero Dantas,BA,30907,II
4308201,Flores da Cunha,RS,30892,II
2210375,São Luis do Piauí,PI,30873,II
2113009,Vitorino Freire,MA,30845,II
2109452,Raposa,MA,30839,II
2112902,Vitória do Mearim,MA,30805,II
2307502,Lavras da Mangabeira,CE,30802,II
1301100,Careiro,AM,30792,II
3105400,Barão de Cocais,MG,30778,II
4208450,Itapoá,SC,30750,II
4120903,Quedas do Iguaçu,PR,30738,II
3101508,Além Paraíba,MG,30717,II
3136652,Juatuba,MG,30716,II
2926400,Riacho de Santana,BA,30711,II
4306403,Dois Irmãos,RS,30709,II
1100130,Machadinho D Oeste,RO,30707,II
2309300,Nova Russas,CE,30699,II
3200102,Afonso Cláudio,ES,30684,II
3200805,Baixo Guandu,ES,30674,II
2905909,Campo Alegre de Lourdes,BA,30671,II
1303536,Presidente Figueiredo,AM,30668,II
2504306,Catolé do Rocha,PB,30661,II
2313104,Tabuleiro do Norte,CE,30652,II
2609501,Nazaré da Mata,PE,30648,II
2205706,Luís Correia,PI,30641,II
2312007,Santana do Acaraú,CE,30628,II
5002407,Caarapó,MS,30612,II
2708402,São José da Tapera,AL,30604,II
1507201,São Domingos do Capim,PA,30599,II
2409407,Pau dos Ferros,RN,30479,II
2905800,Camamu,BA,30469,II
3157203,Santa Bárbara,MG,30466,II
3124302,Espinosa,MG,30443,II
4119954,Pontal do Paraná,PR,30425,II
4304804,Carlos Barbosa,RS,30420,II
1503457,Ipixuna do Pará,PA,30329,II
2615607,Trindade,PE,30321,II
2603009,Cabrobó,PE,30294,II
4104253,Campo Magro,PR,30160,II
3116605,Cláudio,MG,30159,II
4209003,Joaçaba,SC,30146,II
2605707,Floresta,PE,30137,II
4320800,Soledade,RS,29991,II
4217709,Sombrio,SC,29991,II
3200409,Anchieta,ES,29984,II
4205704,Garopaba,SC,29959,II
4110102,Imbituva,PR,29924,II
3551603,Serra Negra,SP,29894,II
4119301,Pinhão,PR,29886,II
2304251,Cruz,CE,29761,II
2102200,Buriti,MA,29685,II
3506607,Biritiba-Mirim,SP,29683,II
2402204,Canguaretama,RN,29668,II
2511202,Pedras de Fogo,PB,29662,II
3303856,Paty do Alferes,RJ,29619,II
5007695,São Gabriel do Oeste,MS,29579,II
1504000,Limoeiro do Ajuru,PA,29569,II
3110608,Cambuí,MG,29536,II
2101004,Arari,MA,29472,II
3510005,Cândido Mota,SP,29449,II
3538808,Piraju,SP,29436,II
1100098,Espigão D Oeste,RO,29414,II
5101704,Barra do Bugres,MT,29403,II
3202306,Guaçuí,ES,29358,II
5004007,Glória de Dourados,MS,29347,II
2923704,Paratinga,BA,29252,II
2904902,Cachoeira,BA,29250,II
5100201,Água Boa,MT,29219,II
2927705,Santa Cruz Cabrália,BA,29185,II
3200201,Alegre,ES,29177,II
4125704,São Miguel do Iguaçu,PR,29122,II
3520301,Iguape,SP,29115,II
4313375,Nova Santa Rita,RS,29024,II
3114303,Carmo do Paranaíba,MG,29011,II
2607307,Ipubi,PE,29009,II
5107875,Sapezal,MT,28944,II
3203056,Jaguaré,ES,28931,II
4304200,Candelária,RS,28906,II
3169356,Três Marias,MG,28895,II
3119302,Coromandel,MG,28894,II
2907103,Carinhanha,BA,28869,II
3546306,Santa Cruz das Palmeiras,SP,28864,II
2208304,Piracuruca,PI,28846,II
4109708,Ibaiti,PR,28830,II
2603207,Caetés,PE,28827,II
2201903,Bom Jesus,PI,28796,II
1301001,Carauari,AM,28742,II
2922300,Muritiba,BA,28707,II
2102036,Bom Jesus das Selvas,MA,28599,II
1508035,Tracuateua,PA,28595,II
3203007,Iúna,ES,28590,II
3542206,Rancharia,SP,28588,II
5104807,Jaciara,MT,28569,II
3509254,Cajati,SP,28515,II
4108601,Goioerê,PR,28437,II
3117306,Conceição das Alagoas,MG,28381,II
3152808,Prata,MG,28342,II
2610509,Passira,PE,28340,II
2927200,Ruy Barbosa,BA,28282,II
3155603,Rio Pardo de Minas,MG,28271,II
4210506,Maravilha,SC,28251,II
2202703,Cocal,PI,28212,II
3160207,Santo Antônio do Itambé,MG,28211,II
1502954,Eldorado do Carajás,PA,28192,II
2914653,Itabela,BA,28165,II
3300506,Bom Jardim,RJ,28102,II
3512209,Conchal,SP,28101,II
3510807,Casa Branca,SP,28083,II
2914505,Irará,BA,28043,II
1500701,Anajás,PA,28011,II
1100452,Buritis,RO,27992,II
3530102,Mirandópolis,SP,27983,II
3531902,Morro Agudo,SP,27933,II
3301876,Iguaba Grande,RJ,27920,II
1504505,Melgaço,PA,27881,II
5004700,Ivinhema,MS,27821,II
2106904,Monção,MA,27751,II
2607752,Itapissuma,PE,27749,II
5209705,Hidrolândia,GO,27742,II
2925758,Presidente Tancredo Neves,BA,27734,II
2508307,Lagoa Seca,PB,27730,II
2608107,João Alfredo,PE,27725,II
2914901,Itacaré,BA,27704,II
4213500,Porto Belo,SC,27688,II
2614600,Tabira,PE,27681,II
1701101,Aparecida do Rio Negro,TO,27674,II
4311304,Lagoa Vermelha,RS,27659,II
3144003,Mutum,MG,27635,II
2920502,Maracás,BA,27620,II
3537909,Pilar do Sul,SP,27619,II
2504603,Conde,PB,27605,II
2611309,Pombos,PE,27552,II
2309409,Novo Oriente,CE,27545,II
4322004,Triunfo,RS,27498,II
1600501,Oiapoque,AP,27482,II
3304003,Piraí,RJ,27474,II
1507003,Santo Antônio do Tauá,PA,27461,II
3201605,Conceição da Barra,ES,27458,II
4114302,Mandirituba,PR,27439,II
2307106,Jardim,CE,27411,II
3526209,Juquitiba,SP,27404,II
3159209,Santa Rita de Caldas,MG,27390,II
2407203,Macau,RN,27369,II
3160405,Santo Antônio do Monte,MG,27295,II
2202901,Corrente,PI,27278,II
4215703,Santo Amaro da Imperatriz,SC,27272,II
3504602,Bady Bassitt,SP,27260,II
3501301,Álvares Machado,SP,27255,II
2311603,Redenção,CE,27214,II
1504604,Mocajuba,PA,27198,II
4212809,Balneário Piçarras,SC,27127,II
1504455,Medicilândia,PA,27094,II
5213087,Minaçu,GO,27075,II
1303106,Nova Olinda do Norte,AM,27062,II
2922508,Nazaré,BA,27060,II
5200308,Alexânia,GO,27008,II
3145307,Novo Cruzeiro,MG,26975,II
2110609,São Bernardo,MA,26943,II
2615805,Tupanatinga,PE,26937,II
2401453,Baraúna,RN,26913,II
1502756,Concórdia do Pará,PA,26881,II
3303005,Miracema,RJ,26881,II
2801207,Canindé de São Francisco,SE,26834,II
4310330,Imbé,RS,26824,II
5105622,Mirassol D Oeste,MT,26785,II
2516003,Solânea,PB,26774,II
5107065,Querência,MT,26769,II
2404200,Goianinha,RN,26741,II
4322707,Vera Cruz,RS,26710,II
2908903,Coração de Maria,BA,26692,II
5217302,Pirenópolis,GO,26690,II
3151404,Pitangui,MG,26685,II
3156908,Sacramento,MG,26670,II
2805703,Propriá,SE,26618,II
2923803,Paripiranga,BA,26604,II
4311007,Jaguarão,RS,26603,II
2606606,Ibimirim,PE,26593,II
4116901,Nova Esperança,PR,26585,II
3302908,Miguel Pereira,RJ,26582,II
2805604,Porto da Folha,SE,26576,II
1504406,Marapanim,PA,26573,II
3139607,Mantena,MG,26535,II
4208500,Ituporanga,SC,26525,II
3205010,Sooretama,ES,26502,II
4304663,Capão do Leão,RS,26487,II
2112100,Timbiras,MA,26484,II
2600401,Água Preta,PE,26461,II
5106307,Paranatinga,MT,26423,II
1503093,Goianésia do Pará,PA,26362,II
2616308,Vicência,PE,26359,II
3123601,Elói Mendes,MG,26336,II
2303204,Caririaçu,CE,26320,II
2913200,Ibotirama,BA,26309,II
2201507,Batalha,PI,26300,II
3526407,Laranjal Paulista,SP,26261,II
3520103,Igarapava,SP,26212,II
5211206,Itapuranga,GO,26113,II
3111606,Campos Gerais,MG,26105,II
3110509,Camanducaia,MG,26097,II
3162955,São José da Lapa,MG,26090,II
2500304,Alagoa Grande,PB,26062,II
5003256,Costa Rica,MS,26037,II
3538600,Piracaia,SP,26029,II
2201176,Barra D Alcântara,PI,26026,II
1200104,Brasiléia,AC,26000,II
2925808,Queimadas,BA,25988,II
1504307,Maracanã,PA,25971,II
4216503,São Joaquim,SC,25939,II
2308302,Milagres,CE,25900,II
2911105,Formosa do Rio Preto,BA,25899,II
1301605,Fonte Boa,AM,25871,II
5102702,Canarana,MT,25858,II
2307809,Marco,CE,25799,II
4101606,Arapoti,PR,25777,II
5103254,Colniza,MT,25766,II
2919157,Lapão,BA,25736,II
2100477,Alto Alegre do Pindaré,MA,25710,II
4313300,Nova Prata,RS,25692,II
2105005,Humberto de Campos,MA,25680,II
1507706,São Sebastião da Boa Vista,PA,25643,II
2607000,Inajá,PE,25603,II
3162906,São João Nepomuceno,MG,25565,II
2307254,Jijoca de Jericoacoara,CE,25555,II
2301208,Aracoiaba,CE,25553,II
3520442,Ilha Solteira,SP,25549,II
5210109,Ipameri,GO,25548,II
5005608,Miranda,MS,25536,II
3134905,Jacutinga,MG,25525,II
2100956,Arame,MA,25517,II
4123501,Santa Helena,PR,25492,II
4102109,Astorga,PR,25475,II
2930774,Sobradinho,BA,25475,II
3169604,Tupaciguara,MG,25470,II
1100338,Nova Mamoré,RO,25444,II
4318507,São José do Norte,RS,25443,II
2901205,Anagé,BA,25438,II
4321907,Três Passos,RS,25436,II
2702355,Craíbas,AL,25397,II
3202454,Ibatiba,ES,25380,II
3118809,Coração de Jesus,MG,25377,II
2205805,Luzilândia,PI,25375,II
3539202,Pirapozinho,SP,25348,II
2912707,Ibirapitanga,BA,25344,II
2100709,Anajatuba,MA,25322,II
2925907,Quijingue,BA,25272,II
3101102,Aimorés,MG,25269,II
4309407,Guaporé,RS,25268,II
3553401,Tanabi,SP,25265,II
2906709,Cândido Sales,BA,25247,II
2211209,Uruçuí,PI,25203,II
3507803,Brodowski,SP,25201,II
4321303,Taquari,RS,25198,II
2705507,Murici,AL,25187,II
3521804,Itaí,SP,25180,II
1302306,Jutaí,AM,25172,II
2302701,Campos Sales,CE,25135,II
4202453,Bombinhas,SC,25058,II
2111102,São João dos Patos,MA,25020,II
3144607,Nepomuceno,MG,25018,II
5205513,Cocalzinho de Goiás,GO,25016,II
2804607,Nossa Senhora das Dores,SE,24996,II
1505700,Ponta de Pedras,PA,24984,II
1303569,Rio Preto da Eva,AM,24936,II
4321808,Três de Maio,RS,24916,II
5217104,Piracanjuba,GO,24883,II
3529203,Martinópolis,SP,24881,II
2918357,João Dourado,BA,24854,II
5007554,Santa Rita do Pardo,MS,24833,II
2313203,Tamboril,CE,24815,II
2105104,Icatu,MA,24794,II
4216909,São Lourenço do Oeste,SC,24791,II
1709302,Guaraí,TO,24775,II
2928208,Santana,BA,24755,II
4128005,Ubiratã,PR,24749,II
2704203,Limoeiro de Anadia,AL,24740,II
2615003,Taquaritinga do Norte,PE,24736,II
1501725,Brasil Novo,PA,24718,II
2907301,Castro Alves,BA,24712,II
2105500,João Lisboa,MA,24709,II
1503077,Garrafão do Norte,PA,24703,II
2932002,Uauá,BA,24665,II
2921203,Miguel Calmon,BA,24661,II
2800670,Boquim,SE,24636,II
5101407,Aripuanã,MT,24626,II
1506609,Santa Maria do Pará,PA,24624,II
2911907,Iaçu,BA,24607,II
2604601,Condado,PE,24587,II
3502705,Apiaí,SP,24585,II
2512903,Rio Tinto,PB,24581,II
4121703,Reserva,PR,24573,II
4320909,Tapejara,RS,24557,II
4206306,Guabiruba,SC,24543,II
2607604,Ilha de Itamaracá,PE,24540,II
2900801,Alcobaça,BA,24530,II
4311809,Marau,RS,24527,II
3512407,Cordeirópolis,SP,24514,II
3514106,Dois Córregos,SP,24510,II
2309458,Ocara,CE,24493,II
3203403,Mimoso do Sul,ES,24475,II
2933505,Wenceslau Guimarães,BA,24474,II
4319505,São Sebastião do Caí,RS,24428,II
4321709,Três Coroas,RS,24425,II
3148707,Pedra Azul,MG,24410,II
3141801,Minas Novas,MG,24405,II
2915809,Itambé,BA,24394,II
1501907,Bujaru,PA,24383,II
2933000,Valente,BA,24362,II
3553807,Taquarituba,SP,24350,II
5106257,Nova Xavantina,MT,24345,II
2603702,Canhotinho,PE,24329,II
2304954,Guaiúba,CE,24325,II
2108256,Pedro do Rosário,MA,24320,II
1301803,Ipixuna,AM,24311,II
1506559,Santa Luzia do Pará,PA,24307,II
2102705,Cantanhede,MA,24303,II
3303955,Pinheiral,RJ,24298,II
2708907,Satuba,AL,24278,II
2312700,Senador Pompeu,CE,24266,II
4124053,Santa Terezinha de Itaipu,PR,24262,II
1507458,São Geraldo do Araguaia,PA,24255,II
3556305,Valparaíso,SP,24241,II
2102903,Carutapera,MA,24238,II
2922904,Nova Soure,BA,24236,II
2906204,Canarana,BA,24206,II
1507904,Soure,PA,24204,II
4117305,Ortigueira,PR,24192,II
4120804,Quatro Barras,PR,24191,II
2304350,Forquilha,CE,24173,II
2901106,Amélia Rodrigues,BA,24138,II
5004502,Itaporã,MS,24137,II
1506302,Salvaterra,PA,24129,II
5000708,Anastácio,MS,24114,II
3147402,Paraopeba,MG,24107,II
3124203,Espera Feliz,MG,24102,II
3537404,Pereira Barreto,SP,24095,II
2401107,Areia Branca,RN,24093,II
2709400,Viçosa,AL,24092,II
3143401,Monte Sião,MG,24089,II
2608750,Lagoa Grande,PE,24088,II
5208905,Goiás,GO,24071,II
2707305,Porto Calvo,AL,24071,II
2102804,Carolina,MA,24062,II
2100436,Alto Alegre do Maranhão,MA,24048,II
1503754,Jacareacanga,PA,24042,II
3109303,Buritis,MG,24030,II
2305605,Independência,CE,24024,II
3502200,Angatuba,SP,24022,II
4322806,Veranópolis,RS,24021,II
3135803,Jequitinhonha,MG,24007,II
2703106,Igaci,AL,23995,II
1502004,Cachoeira do Arari,PA,23981,II
5005004,Jardim,MS,23981,II
4203956,Capivari de Baixo,SC,23975,II
2803609,Laranjeiras,SE,23975,II
2305308,Ibiapina,CE,23965,II
3162005,São Gonçalo do Sapucaí,MG,23959,II
5203500,Bom Jesus de Goiás,GO,23958,II
2110104,Santa Quitéria do Maranhão,MA,23957,II
1304401,Urucurituba,AM,23945,II
2507002,Itaporanga,PB,23940,II
1507466,São João da Ponta,PA,23930,II
3106309,Belo Oriente,MG,23928,II
2307403,Jucás,CE,23922,II
2807600,Umbaúba,SE,23917,II
2306108,Irauçuba,CE,23915,II
3204104,Pinheiros,ES,23915,II
3109402,Buritizeiro,MG,23910,II
3162708,São João do Paraíso,MG,23910,II
2704005,Junqueiro,AL,23907,II
2109007,Porto Franco,MA,23903,II
2614808,Tacaratu,PE,23902,II
3507902,Brotas,SP,23898,II
2914406,Iraquara,BA,23879,II
2609006,Macaparana,PE,23879,II
2106755,Miranda do Norte,MA,23864,II
2705101,Matriz de Camaragibe,AL,23857,II
2613206,São João,PE,23837,II
4106605,Cruzeiro do Oeste,PR,23831,II
3205069,Venda Nova do Imigrante,ES,23831,II
3509403,Cajuru,SP,23830,II
2706406,Pão de Açúcar,AL,23823,II
4306908,Encruzilhada do Sul,RS,23819,II
1303304,Novo Aripuanã,AM,23818,II
3113206,Carandaí,MG,23812,II
1300680,Boa Vista do Ramos,AM,23785,II
2600302,Agrestina,PE,23779,II
1500958,Aurora do Pará,PA,23774,II
2609154,Manari,PE,23763,II
2301703,Aurora,CE,23714,II
4124400,Santo Antônio do Sudoeste,PR,23673,II
4211702,Orleans,SC,23661,II
5002209,Bonito,MS,23659,II
2908606,Conde,BA,23654,II
4119400,Piraí do Sul,PR,23651,II
3546702,Santa Gertrudes,SP,23611,II
2709202,Traipu,AL,23565,II
2614857,Tamandaré,PE,23561,II
1301308,Codajás,AM,23549,II
3105103,Bambuí,MG,23546,II
2412500,São Miguel,RN,23537,II
3119104,Corinto,MG,23532,II
2605004,Cupira,PE,23518,II
1504752,Mojuí dos Campos,PA,23501,II
4315305,Quaraí,RS,23500,II
3114204,Carmo do Cajuru,MG,23479,II
3126703,Francisco Sá,MG,23476,II
3154002,Raul Soares,MG,23423,II
3547601,Santa Rosa de Viterbo,SP,23411,II
2310852,Pindoretama,CE,23391,II
2925006,Planalto,BA,23334,II
4106506,Coronel Vivida,PR,23331,II
4203907,Capinzal,SC,23314,II
4313201,Nova Petrópolis,RS,23300,II
2100303,Aldeias Altas,MA,23286,II
4104659,Carambeí,PR,23283,II
5107008,Poxoréu,MT,23283,II
3159902,Santo Antônio do Amparo,MG,23244,II
4113502,Loanda,PR,23225,II
4103602,Cambará,PR,23212,II
2506905,Itabaiana,PB,23182,II
3117504,Conceição do Mato Dentro,MG,23163,II
5007109,Ribas do Rio Pardo,MS,23150,II
2501500,Bananeiras,PB,23134,II
2104677,Governador Nunes Freire,MA,23128,II
3520004,Igaraçu do Tietê,SP,23106,II
2103802,Dom Pedro,MA,23053,II
5001904,Bataguassu,MS,23031,II
2407807,Monte Alegre,RN,23031,II
2610202,Panelas,PE,22991,II
4310801,Ivoti,RS,22983,II
4306809,Encantado,RS,22962,II
3302106,Itaocara,RJ,22919,II
4105904,Colorado,PR,22896,II
3510302,Capela do Alto,SP,22866,II
4320107,Sarandi,RS,22851,II
4126603,Siqueira Campos,PR,22811,II
3204609,Santa Teresa,ES,22808,II
2610806,Pedra,PE,22795,II
2308906,Morrinhos,CE,22753,II
2702603,Feira Grande,AL,22712,II
3130903,Inhapim,MG,22692,II
3100203,Abaeté,MG,22675,II
2501104,Areia,PB,22633,II
2923100,Olindina,BA,22633,II
1721208,Tocantinópolis,TO,22615,II
2707107,Piranhas,AL,22609,II
2905602,Camacan,BA,22579,II
1507805,Senador José Porfírio,PA,22576,II
2105427,Itinga do Maranhão,MA,22513,II
2112233,Trizidela do Vale,MA,22484,II
2905008,Caculé,BA,22462,II
2102309,Buriti Bravo,MA,22455,II
3538907,Pirajuí,SP,22431,II
3304151,Quissamã,RJ,22393,II
2301950,Barreira,CE,22392,II
2303808,Cedro,CE,22344,II
1100809,Candeias do Jamari,RO,22310,II
3204203,Piúma,ES,22300,II
3531407,Monte Aprazível,SP,22280,II
2211308,Valença do Piauí,PI,22279,II
5220603,Silvânia,GO,22245,II
3129509,Ibiá,MG,22229,II
2921104,Medeiros Neto,BA,22194,II
2411502,Santo Antônio,RN,22177,II
3554300,Teodoro Sampaio,SP,22173,II
2109502,Riachão,MA,22145,II
3513603,Cunha,SP,22110,II
3305158,São José do Vale do Rio Preto,RJ,22080,II
4208104,Itaiópolis,SC,22051,II
5205406,Ceres,GO,22046,II
2106508,Matinha,MA,22034,II
3507100,Bom Jesus dos Perdões,SP,22006,II
3202108,Ecoporanga,ES,21992,II
4212908,Pinhalzinho,SC,21972,II
3521408,Iracemápolis,SP,21967,II
2616209,Vertentes,PE,21959,II
4301008,Arroio do Meio,RS,21958,II
3167103,Serro,MG,21952,II
5103502,Diamantino,MT,21941,II
1600402,Mazagão,AP,21924,II
2917300,Ituberá,BA,21902,II
5220207,São Miguel do Araguaia,GO,21900,II
4318200,São Francisco de Paula,RS,21893,II
3144102,Muzambinho,MG,21891,II
2108702,Pio XII,MA,21886,II
2705002,Mata Grande,AL,21844,II
5006002,Nova Alvorada do Sul,MS,21822,II
2609709,Orobó,PE,21808,II
2805505,Poço Verde,SE,21794,II
2500601,Alhandra,PB,21730,II
4206702,Herval D Oeste,SC,21724,II
3147204,Paraguaçu,MG,21723,II
3517505,Guapiaçu,SP,21711,II
2301604,Assaré,CE,21697,II
2912103,Ibicaraí,BA,21665,II
2926202,Riachão das Neves,BA,21642,II
1100320,São Miguel do Guaporé,RO,21635,II
5002100,Bela Vista,MS,21613,II
2919702,Macarani,BA,21599,II
4310009,Ibirubá,RS,21583,II
5200134,Acreúna,GO,21568,II
3502754,Araçariguama,SP,21522,II
5005202,Ladário,MS,21522,II
3204054,Pedro Canário,ES,21522,II
2509107,Mari,PB,21512,II
3505807,Bastos,SP,21503,II
2408904,Parelhas,RN,21499,II
1100015,Alta Floresta D Oeste,RO,21494,II
2913507,Iguaí,BA,21491,II
3511409,Cerqueira César,SP,21469,II
1200450,Senador Guiomard,AC,21454,II
3553302,Tambaú,SP,21435,II
2305357,Icapuí,CE,21433,II
2605400,Feira Nova,PE,21427,II
2210003,São João do Piauí,PI,21421,II
2932705,Uruçuca,BA,21420,II
4112108,Jandaia do Sul,PR,21408,II
3149903,Perdões,MG,21384,II
2703205,Igreja Nova,AL,21372,II
3305604,Silva Jardim,RJ,21352,II
4316006,Rolante,RS,21253,II
4319604,São Sepé,RS,21219,II
2503001,Caaporã,PB,21193,II
2701001,Boca da Mata,AL,21187,II
2931509,Teofilândia,BA,21176,II
2106326,Maracaçumé,MA,21149,II
2512309,Princesa Isabel,PB,21114,II
3301405,Conceição de Macabu,RJ,21104,II
1400050,Alto Alegre,RR,21096,II
1507151,São Domingos do Araguaia,PA,21092,II
5210901,Itapaci,GO,21087,II
3157278,Santa Bárbara do Monte Verde,MG,21087,II
4105409,Chopinzinho,PR,21085,II
4319000,São Marcos,RS,21084,II
2107605,Palmeirândia,MA,21059,II
3115508,Caxambu,MG,21056,II
2207801,Paulistana,PI,21055,II
2918803,Laje,BA,21052,II
3133501,Itapecerica,MG,21046,II
3132701,Itambacuri,MG,21042,II
2106706,Mirador,MA,21030,II
4318408,São Jerônimo,RS,21028,II
2500403,Alagoa Nova,PB,21013,II
2931004,Tanhaçu,BA,21006,II
5002902,Cassilândia,MS,20988,II
3159803,Santa Vitória,MG,20973,II
1400209,Caracaraí,RR,20957,II
3114402,Carmo do Rio Claro,MG,20954,II
2304004,Coreaú,CE,20953,II
2927507,Santa Bárbara,BA,20952,II
4219002,Urussanga,SC,20919,II
3143203,Monte Santo de Minas,MG,20890,II
2311504,Quixeré,CE,20874,II
3137700,Lajinha,MG,20835,II
3118403,Conselheiro Pena,MG,20824,II
2708303,São José da Laje,AL,20813,II
2908200,Conceição da Feira,BA,20800,II
2912202,Ibicoara,BA,20785,II
3301504,Cordeiro,RJ,20783,II
1502509,Chaves,PA,20757,II
1300631,Beruri,AM,20718,II
2923209,Oliveira dos Brejinhos,BA,20715,II
3122009,Divino,MG,20706,II
3111002,Campestre,MG,20696,II
2705705,Olho d Água das Flores,AL,20695,II
1507474,São João de Pirabas,PA,20689,II
2600807,Altinho,PE,20674,II
1300144,Apuí,AM,20647,II
2611705,Riacho das Almas,PE,20639,II
3139508,Manhumirim,MG,20613,II
5003801,Fátima do Sul,MS,20609,II
2911600,Governador Mangabeira,BA,20605,II
2906907,Caravelas,BA,20580,II
2604502,Chã Grande,PE,20546,II
4104501,Capanema,PR,20481,II
2108454,Peritoró,MA,20479,II
1504950,Nova Esperança do Piriá,PA,20478,II
3526001,Junqueirópolis,SP,20448,II
3147303,Paraisópolis,MG,20445,II
2306603,Itatira,CE,20424,II
3137809,Lambari,MG,20414,II
3134608,Jaboticatubas,MG,20406,II
3540754,Potim,SP,20392,II
4208807,Jaguaruna,SC,20375,II
3304110,Porto Real,RJ,20373,II
2707909,Santa Luzia do Norte,AL,20370,II
2923605,Paramirim,BA,20351,II
2605608,Flores,PE,20347,II
2108108,Paulo Ramos,MA,20341,II
3142908,Monte Azul,MG,20328,II
2929107,São Felipe,BA,20283,II
2806206,Salgado,SE,20279,II
3124005,Ervália,MG,20255,II
3508009,Buri,SP,20250,II
2311264,Quiterianópolis,CE,20213,II
3540002,Pompéia,SP,20196,II
2313807,Uruburetama,CE,20189,II
3142809,Monte Alegre de Minas,MG,20170,II
2303956,Chorozinho,CE,20163,II
3141405,Medina,MG,20156,II
3542404,Regente Feijó,SP,20145,II
1303007,Nhamundá,AM,20136,II
2800209,Aquidabã,SE,20131,II
2903409,Belmonte,BA,20121,II
5105606,Matupá,MT,20091,II
4313060,Nova Hartz,RS,20088,II
2924306,Piatã,BA,20086,II
2707503,Porto Real do Colégio,AL,20082,II
3105905,Barroso,MG,20080,II
2923407,Palmas de Monte Alto,BA,20078,II
3527405,Lucélia,SP,20061,II
4217402,Schroeder,SC,20061,II
2922409,Mutuípe,BA,20037,II
2613305,São Joaquim do Monte,PE,20037,II
4214003,Presidente Getúlio,SC,20010,II
2611903,Rio Formoso,PE,20009,II
4322202,Tupanciretã,RS,20005,II
3169703,Turmalina,MG,20000,II
3511003,Castilho,SP,19977,II
3171006,Vazante,MG,19975,II
4127502,Tibagi,PR,19961,II
1502772,Curionópolis,PA,19950,II
2801405,Carira,SE,19939,II
2102606,Cândido Mendes,MA,19932,II
2603108,Cachoeirinha,PE,19899,II
5108600,Vila Rica,MT,19888,II
4101101,Andirá,PR,19878,II
4206900,Ibirama,SC,19862,II
5007406,Rio Verde de Mato Grosso,MS,19818,II
2916104,Itaparica,BA,19789,II
5218904,Rubiataba,GO,19788,II
2301307,Araripe,CE,19783,II
3167608,Simonésia,MG,19750,II
4218301,Três Barras,SC,19746,II
2909604,Crisópolis,BA,19729,II
2402303,Caraúbas,RN,19727,II
2505105,Cuité,PB,19719,II
2309508,Orós,CE,19675,II
2925956,Rafael Jambeiro,BA,19662,II
2202000,Buriti dos Lopes,PI,19654,II
1301159,Careiro da Várzea,AM,19637,II
1501956,Cachoeira do Piriá,PA,19630,II
4101002,Ampére,PR,19620,II
5212204,Jussara,GO,19620,II
1304104,Tapauá,AM,19599,II
3535309,Palmital,SP,19594,II
2904753,Buritirama,BA,19589,II
2101905,Bequimão,MA,19584,II
3515152,Engenheiro Coelho,SP,19566,II
3205036,Vargem Alta,ES,19563,II
3113008,Caraí,MG,19548,II
5209200,Guapó,GO,19545,II
3131208,Ipanema,MG,19522,II
2111706,São Vicente Ferrer,MA,19498,II
3529708,Miguelópolis,SP,19441,II
5004601,Itaquiraí,MS,19423,II
3533007,Nova Granada,SP,19419,II
3535804,Paranapanema,SP,19395,II
3301108,Cantagalo,RJ,19390,II
2302008,Barro,CE,19381,II
1303502,Pauini,AM,19373,II
2202307,Canto do Buriti,PI,19365,II
1100254,Presidente Médici,RO,19327,II
2904100,Boquira,BA,19322,II
1400456,Pacaraima,RR,19305,II
1200336,Mâncio Lima,AC,19294,II
2202604,Castelo do Piauí,PI,19288,II
3204351,Rio Bananal,ES,19274,II
4121406,Realeza,PR,19247,II
1304237,Tonantins,AM,19247,II
2601052,Araçoiaba,PE,19243,II
2923357,Ourolândia,BA,19243,II
3536208,Pariquera-Açu,SP,19233,II
5005681,Mundo Novo,MS,19193,II
4128500,Wenceslau Braz,PR,19188,II
2908101,Cocos,BA,19151,II
3133303,Itaobim,MG,19151,II
3128303,Guaranésia,MG,19150,II
4212205,Papanduva,SC,19150,II
5200050,Abadia de Goiás,GO,19128,II
4106209,Contenda,PR,19128,II
2910404,Encruzilhada,BA,19107,II
4302709,Butiá,RS,19084,II
2924603,Pindobaçu,BA,19083,II
3523503,Itatinga,SP,19070,II
2514503,São José de Piranhas,PB,19067,II
2911808,Guaratinga,BA,19049,II
3511607,Cesário Lange,SP,19048,II
2709103,Taquarana,AL,19032,II
2700102,Água Branca,AL,19008,II
2608503,Lagoa de Itaenga,PE,19003,II
4103453,Cafelândia,PR,18997,II
5103007,Chapada dos Guimarães,MT,18990,II
2101509,Barão de Grajaú,MA,18984,II
3137502,Lagoa Formosa,MG,18904,II
3203502,Montanha,ES,18900,II
3204005,Pancas,ES,18893,II
3139300,Manga,MG,18886,II
1708205,Formoso do Araguaia,TO,18881,II
4309605,Horizontina,RS,18851,II
3170909,Varzelândia,MG,18840,II
1300409,Barcelos,AM,18834,II
2613404,São José da Coroa Grande,PE,18825,II
2108009,Pastos Bons,MA,18802,II
2912905,Ibirataia,BA,18792,II
1507979,Terra Santa,PA,18782,II
2915502,Itajuípe,BA,18781,II
3153400,Presidente Olegário,MG,18765,II
1200252,Epitaciolândia,AC,18757,II
4100509,Altônia,PR,18742,II
2501302,Aroeiras,PB,18705,II
1400175,Cantá,RR,18682,II
2600203,Afrânio,PE,18674,II
2111607,São Raimundo das Mangabeiras,MA,18672,II
1505650,Placas,PA,18668,II
2603900,Carnaíba,PE,18644,II
1304302,Urucará,AM,18631,II
3543006,Ribeirão Branco,SP,18627,II
2932101,Ubaíra,BA,18626,II
2612406,Sanharó,PE,18624,II
4217501,Seara,SC,18620,II
3113701,Carlos Chagas,MG,18615,II
2610400,Parnamirim,PE,18612,II
3517703,Guará,SP,18606,II
2311702,Reriutaba,CE,18606,II
2929255,São Gabriel,BA,18600,II
1713205,Miracema do Tocantins,TO,18566,II
2107100,Morros,MA,18554,II
3529906,Miracatu,SP,18553,II
3140902,Matipó,MG,18552,II
4205803,Garuva,SC,18545,II
2111003,São João Batista,MA,18544,II
4211207,Morro da Fumaça,SC,18537,II
2922656,Nordestina,BA,18523,II
2919926,Madre de Deus,BA,18504,II
5201306,Anicuns,GO,18503,II
3540804,Potirendaba,SP,18496,II
3512001,Colina,SP,18486,II
2100204,Alcântara,MA,18467,II
2406205,Lagoa d Anta,RN,18457,II
4115606,Matelândia,PR,18450,II
3100906,Águas Formosas,MG,18448,II
2903508,Belo Campo,BA,18412,II
2104552,Governador Edison Lobão,MA,18411,II
4121208,Quitandinha,PR,18398,II
5201702,Aragarças,GO,18390,II
1506161,Rio Maria,PA,18384,II
2507101,Itapororoca,PB,18382,II
3539103,Pirapora do Bom Jesus,SP,18370,II
3104908,Baependi,MG,18366,II
2110401,São Benedito do Rio Preto,MA,18364,II
2603801,Capoeiras,PE,18338,II
2511400,Picuí,PB,18333,II
2805802,Riachão do Dantas,SE,18313,II
2104008,Esperantinópolis,MA,18311,II
4217808,Taió,SC,18310,II
4116208,Morretes,PR,18309,II
5217708,Pontalina,GO,18309,II
2601607,Belém do São Francisco,PE,18301,II
3101904,Alpinópolis,MG,18300,II
1501006,Aveiro,PA,18290,II
2107704,Paraibano,MA,18274,II
2504405,Conceição,PB,18260,II
1200708,Xapuri,AC,18243,II
5103304,Comodoro,MT,18238,II
4311205,Júlio de Castilhos,RS,18226,II
2902609,Baixa Grande,BA,18220,II
2304301,Farias Brito,CE,18217,II
3532405,Nazaré Paulista,SP,18217,II
2605905,Gameleira,PE,18214,II
2614006,Serrita,PE,18207,II
2600906,Amaraji,PE,18205,II
2313005,Solonópole,CE,18179,II
3203700,Muniz Freire,ES,18153,II
3531506,Monte Azul Paulista,SP,18151,II
2801009,Campo do Brito,SE,18149,II
2932507,Una,BA,18131,II
4127403,Terra Roxa,PR,18119,II
5204904,Campos Belos,GO,18108,II
2313955,Varjota,CE,18105,II
1501451,Belterra,PA,18099,II
1400308,Mucajaí,RR,18095,II
4101200,Antonina,PR,18091,II
2800506,Areia Branca,SE,18081,II
1500347,Água Azul do Norte,PA,18080,II
5106372,Pedra Preta,MT,18066,II
2931202,Taperoá,BA,18044,II
3202207,Fundão,ES,18014,II
3111101,Campina Verde,MG,18011,II
1501576,Bom Jesus do Tocantins,PA,18005,II
3114501,Carmópolis de Minas,MG,18003,II
2930402,Serra Preta,BA,17996,II
3521705,Itaberá,SP,17983,II
2608453,Lagoa do Carro,PE,17981,II
2500700,São João do Rio do Peixe,PB,17964,II
3547700,Santo Anastácio,SP,17963,II
2929602,Sapeaçu,BA,17963,II
2925253,Ponto Novo,BA,17938,II
3500501,Águas de Lindóia,SP,17930,II
2611507,Quipapá,PE,17928,II
2107407,Olho d Água das Cunhãs,MA,17919,II
2917201,Ituaçu,BA,17914,II
1503044,Floresta do Araguaia,PA,17898,II
4312658,Não-Me-Toque,RS,17898,II
2910859,Filadélfia,BA,17897,II
2910750,Fátima,BA,17895,II
2512705,Remígio,PB,17885,II
3138807,Luz,MG,17875,II
2305209,Hidrolândia,CE,17855,II
1505403,Ourém,PA,17855,II
5107107,São José dos Quatro Marcos,MT,17849,II
1600535,Porto Grande,AP,17848,II
2306504,Itapiúna,CE,17841,II
2708501,São Luís do Quitunde,AL,17818,II
2916005,Itanhém,BA,17813,II
2406106,Jucurutu,RN,17793,II
2905404,Cairu,BA,17761,II
1707009,Dianópolis,TO,17739,II
3305406,Sapucaia,RJ,17729,II
2104099,Formosa da Serra Negra,MA,17719,II
2108801,Pirapemas,MA,17714,II
2704401,Major Isidoro,AL,17700,II
3514908,Elias Fausto,SP,17699,II
2506806,Ingá,PB,17692,II
2920106,Mairi,BA,17674,II
3535606,Paraibuna,SP,17667,II
2917805,Jaguaripe,BA,17659,II
5008008,Terenos,MS,17652,II
3203346,Marechal Floriano,ES,17641,II
2900207,Abaré,BA,17639,II
2303105,Cariré,CE,17632,II
4127601,Tijucas do Sul,PR,17621,II
4318101,São Francisco de Assis,RS,17618,II
2208205,Pio IX,PI,17613,II
2502508,Boqueirão,PB,17598,II
2932200,Ubaitaba,BA,17596,II
2200202,Água Branca,PI,17573,II
4127205,Terra Boa,PR,17568,II
2924801,Piritiba,BA,17566,II
4301305,Arroio Grande,RS,17558,II
2210409,São Miguel do Tapuio,PI,17554,II
2205201,Jaicós,PI,17527,II
2100832,Apicum-Açu,MA,17519,II
3139201,Malacacheta,MG,17516,II
2109270,Presidente Sarney,MA,17511,II
4314605,Piratini,RS,17504,II
3302809,Mendes,RJ,17502,II
1702554,Augustinópolis,TO,17484,II
2304236,Croatá,CE,17481,II
3170529,Urucuia,MG,17479,II
4106308,Corbélia,PR,17470,II
2313757,Umirim,CE,17470,II
2512002,Pocinhos,PB,17469,II
2905305,Cafarnaum,BA,17466,II
3148608,Peçanha,MG,17446,II
3155801,Rio Pomba,MG,17443,II
3544251,Rosana,SP,17440,II
3144706,Nova Era,MG,17438,II
2106631,Matões do Norte,MA,17432,II
2603504,Camocim de São Félix,PE,17419,II
3556800,Viradouro,SP,17414,II
3108305,Borda da Mata,MG,17404,II
3304409,Rio Claro,RJ,17401,II
4200101,Abelardo Luz,SC,17392,II
3161007,São Domingos do Prata,MG,17392,II
3146305,Padre Paraíso,MG,17334,II
2908002,Coaraci,BA,17333,II
4211751,Otacílio Costa,SC,17312,II
2922102,Mundo Novo,BA,17305,II
3501152,Alumínio,SP,17301,II
2304459,Fortim,CE,17294,II
3304102,Porciúncula,RJ,17288,II
3548054,Santo Antônio do Aracanguá,SP,17285,II
3104502,Arinos,MG,17272,II
4126306,Sengés,PR,17270,II
2302909,Capistrano,CE,17254,II
2616001,Venturosa,PE,17251,II
4204251,Cocal do Sul,SC,17240,II
2200509,Amarante,PI,17234,II
5200100,Abadiânia,GO,17232,II
2306702,Jaguaretama,CE,17232,II
2907905,Cipó,BA,17230,II
3154309,Resplendor,MG,17226,II
3138609,Lima Duarte,MG,17221,II
2207751,Passagem Franca do Piauí,PI,17220,II
3508108,Buritama,SP,17210,II
2303402,Carnaubal,CE,17210,II
3132107,Itacarambi,MG,17208,II
2104404,Gonçalves Dias,MA,17206,II
3301207,Carmo,RJ,17198,II
2301851,Banabuiú,CE,17195,II
1300102,Anori,AM,17194,II
5100300,Alto Araguaia,MT,17193,II
2501005,Araruna,PB,17189,II
2605152,Dormentes,PE,17188,II
1301506,Envira,AM,17186,II
2516300,Sumé,PB,17166,II
2606507,Iati,PE,17165,II
4210605,Massaranduba,SC,17162,II
2108900,Poção de Pedras,MA,17161,II
2931053,Tanque Novo,BA,17158,II
3115102,Cássia,MG,17155,II
3526100,Juquiá,SP,17154,II
2313351,Tejuçuoca,CE,17154,II
3108008,Bom Sucesso,MG,17151,II
3149804,Perdizes,MG,17151,II
2703809,Joaquim Gomes,AL,17150,II
2308609,Monsenhor Tabosa,CE,17149,II
